{"cameraMode":{"drawMode":0,"name":"Shaded","section":"Shading Mode"},"sceneLighting":true,"audioPlay":false,"sceneViewState":{"showFog":true,"showMaterialUpdate":true,"showSkybox":true,"showFlares":true,"showImageEffects":true,"showParticleSystems":true},"in2DMode":false,"pivot":{"x":-1.0437251329421998,"y":3.0346827507019045,"z":-0.667579174041748},"rotation":{"x":0.18781550228595735,"y":-0.025043193250894548,"z":0.0047900741919875149,"w":0.9818733930587769},"size":2.5683786869049074,"orthographic":false}