{"cameraMode":{"drawMode":0,"name":"Shaded","section":"Shading Mode"},"sceneLighting":true,"audioPlay":false,"sceneViewState":{"showFog":true,"showMaterialUpdate":true,"showSkybox":true,"showFlares":true,"showImageEffects":true,"showParticleSystems":true},"in2DMode":false,"pivot":{"x":0.7918524742126465,"y":-0.38912975788116457,"z":0.46379005908966067},"rotation":{"x":-0.03612120449542999,"y":-0.9455033540725708,"z":0.3033922016620636,"w":-0.11256957054138184},"size":5.514452934265137,"orthographic":false}